plate_id,sample_id,mean_abs,sd_abs,cv_abs,slope,intercept,run_date,mass_kg,poxc_mg_kg
20210324_plate1,105,0.204,0.0020000000000000018,0.980392156862746,0.04954837693517586,1.0464770338350533e-4,20210324,0.00246,716.1573220858992
20210324_plate1,106,0.14933333333333332,0.003055050463303896,2.0457927209624307,0.04954837693517586,1.0464770338350533e-4,20210324,0.00249,903.3345547684509
20210324_plate1,107,0.19133333333333333,0.0020816659994661343,1.0879787453655756,0.04954837693517586,1.0464770338350533e-4,20210324,0.0025,749.886924697405
20210324_plate1,108,0.194,0.002645751311064593,1.3637893356003055,0.04954837693517586,1.0464770338350533e-4,20210324,0.0025,740.3736363258513
20210324_plate1,110,0.066,0.0010000000000000009,1.5151515151515165,0.04954837693517586,1.0464770338350533e-4,20210324,0.0025099999999999996,1192.2425081279205
20210324_plate1,111,0.08266666666666667,5.773502691896263e-4,0.6984075836971286,0.04954837693517586,1.0464770338350533e-4,20210324,0.0025099999999999996,1133.0213404763158
20210324_plate1,112,0.19,0,0,0.04954837693517586,1.0464770338350533e-4,20210324,0.00254,742.759418192108
20210324_plate1,113,0.17966666666666667,0.0011547005383792527,0.6426904666303819,0.04954837693517586,1.0464770338350533e-4,20210324,0.00249,794.6863065491493
20210324_plate1,114,0.21766666666666667,5.773502691896263e-4,0.26524514664148224,0.04954837693517586,1.0464770338350533e-4,20210324,0.00254,645.6133878231411
20210324_plate1,115,0.21366666666666667,0.0020816659994661343,0.9742586580964748,0.04954837693517586,1.0464770338350533e-4,20210324,0.00252,664.8939827238514
20210324_plate1,116,0.20233333333333334,0.006806859285554036,3.364180866006937,0.04954837693517586,1.0464770338350533e-4,20210324,0.00246,722.1998070779937
20210324_plate1,117,0.206,0.0010000000000000009,0.48543689320388395,0.04954837693517586,1.0464770338350533e-4,20210324,0.0025499999999999997,683.8861163273131
20210324_plate1,118,0.23733333333333334,0.003055050463303896,1.2872403637516414,0.04954837693517586,1.0464770338350533e-4,20210324,0.00249,588.135241253115
20210324_plate1,119,0.229,0.0020000000000000018,0.873362445414848,0.04954837693517586,1.0464770338350533e-4,20210324,0.0025299999999999997,608.2131684280713
20210324_plate1,120,0.207,0.0036055512754639926,1.7418122103690785,0.04954837693517586,1.0464770338350533e-4,20210324,0.00249,696.7834894724164
20210324_plate1,121,0.1433333333333333,0.001527525231651948,1.065715277896708,0.04954837693517586,1.0464770338350533e-4,20210324,0.0024700000000000004,932.3138819690006
20210324_plate1,123,0.072,0.0010000000000000009,1.3888888888888902,0.04954837693517586,1.0464770338350533e-4,20210324,0.0024700000000000004,1189.8852017453803
20210324_plate1,124,0.20033333333333334,0.001527525231651933,0.7624917961656903,0.04954837693517586,1.0464770338350533e-4,20210324,0.00249,720.6622253447903
20210324_plate1,125,0.20199999999999999,0.0010000000000000009,0.4950495049504955,0.04954837693517586,1.0464770338350533e-4,20210324,0.00252,706.1842968364981
20210324_plate1,126,0.217,0.0017320508075688787,0.7981800956538612,0.04954837693517586,1.0464770338350533e-4,20210324,0.0024700000000000004,666.3173321064776
20210324_plate1,127,0.2326666666666667,0.001527525231651948,0.6565294691913816,0.04954837693517586,1.0464770338350533e-4,20210324,0.0024700000000000004,609.7479300995157
20210324_plate1,128,0.20166666666666666,0.0020816659994661235,1.0322310741154332,0.04954837693517586,1.0464770338350533e-4,20210324,0.00249,715.8864781703155
20210324_plate1,129,0.215,0.0010000000000000009,0.4651162790697679,0.04954837693517586,1.0464770338350533e-4,20210324,0.00249,668.1290064255677
20210324_plate1,130,0.18933333333333333,0.0025166114784235852,1.3291962033927387,0.04954837693517586,1.0464770338350533e-4,20210324,0.0025299999999999997,748.0453468142989
20210324_plate1,rgt_blank,0.4276666666666667,0.0028867513459481316,0.6750003147189707,0.04954837693517586,1.0464770338350533e-4,20210324,NA,NA
20210324_plate2,131,0.183,0.0017320508075688787,0.9464758511305349,0.05013106379930563,9.256170967185222e-5,20210324,0.0025099999999999996,769.7297413187009
20210324_plate2,132,0.15466666666666667,0.004041451884327384,2.61300768383236,0.05013106379930563,9.256170967185222e-5,20210324,0.0025499999999999997,857.9176768966265
20210324_plate2,133,0.17666666666666667,5.773502691896263e-4,0.32680203916393946,0.05013106379930563,9.256170967185222e-5,20210324,0.00249,798.8638809000594
20210324_plate2,134,0.1743333333333333,0.001527525231651948,0.876209501903603,0.05013106379930563,9.256170967185222e-5,20210324,0.00254,791.4276024554551
20210324_plate2,135,0.17966666666666667,0.001527525231651948,0.8501995723480229,0.05013106379930563,9.256170967185222e-5,20210324,0.0025099999999999996,781.7132625456267
20210324_plate2,136,0.092,0.0010000000000000009,1.0869565217391315,0.05013106379930563,9.256170967185222e-5,20210324,0.00246,1119.1741771311242
20210324_plate2,137,0.055,0.0010000000000000009,1.81818181818182,0.05013106379930563,9.256170967185222e-5,20210324,0.0024700000000000004,1249.8143160509878
20210324_plate2,138,0.07700000000000001,0.0010000000000000009,1.2987012987012996,0.05013106379930563,9.256170967185222e-5,20210324,0.0025,1155.4089392002763
20210324_plate2,140,0.15466666666666667,0.005686240703077332,3.67644873043793,0.05013106379930563,9.256170967185222e-5,20210324,0.00248,882.133095196128
20210324_plate2,141,0.12033333333333333,0.0032145502536643214,2.671371401937109,0.05013106379930563,9.256170967185222e-5,20210324,0.0025,999.0000201464427
20210324_plate2,142,0.222,0.0010000000000000009,0.4504504504504509,0.05013106379930563,9.256170967185222e-5,20210324,0.0025099999999999996,629.5225429636708
20210324_plate2,143,0.22166666666666668,5.773502691896263e-4,0.2604587680554705,0.05013106379930563,9.256170967185222e-5,20210324,0.00254,623.2714356955794
20210324_plate2,144,0.271,0.004582575694955844,1.6909873413121197,0.05013106379930563,9.256170967185222e-5,20210324,0.00246,462.5795122475357
20210324_plate2,145,0.30633333333333335,0.003055050463303872,0.9972961251264,0.05013106379930563,9.256170967185222e-5,20210324,0.00246,332.97237169323336
20210324_plate2,146,0.28300000000000003,0.0020000000000000018,0.7067137809187284,0.05013106379930563,9.256170967185222e-5,20210324,0.00249,413.51907723792675
20210324_plate2,147,0.314,0.0017320508075688787,0.5516085374423181,0.05013106379930563,9.256170967185222e-5,20210324,0.00252,297.59173266758444
20210324_plate2,148,0.19366666666666668,0.0020816659994661343,1.0748705677105685,0.05013106379930563,9.256170967185222e-5,20210324,0.00248,740.2298420222871
20210324_plate2,149,0.2063333333333333,0.0032145502536643214,1.5579403491103336,0.05013106379930563,9.256170967185222e-5,20210324,0.0025099999999999996,685.8450927302214
20210324_plate2,150,0.19866666666666666,0.0028867513459481155,1.453062758027575,0.05013106379930563,9.256170967185222e-5,20210324,0.0025099999999999996,713.4071915521505
20210324_plate2,151,0.2833333333333334,0.0032145502536643214,1.1345471483521132,0.05013106379930563,9.256170967185222e-5,20210324,0.0025,410.6618553977916
20210324_plate2,152,0.28600000000000003,0.0020000000000000018,0.6993006993006998,0.05013106379930563,9.256170967185222e-5,20210324,0.00248,404.2708580124244
20210324_plate2,153,0.2833333333333334,0.0032145502536643214,1.1345471483521132,0.05013106379930563,9.256170967185222e-5,20210324,0.00248,413.9736445542254
20210324_plate2,154,0.25333333333333335,0.001527525231651948,0.6029704861784004,0.05013106379930563,9.256170967185222e-5,20210324,0.00254,510.7725917365077
20210324_plate2,155,0.336,0.002645751311064593,0.7874259854358906,0.05013106379930563,9.256170967185222e-5,20210324,0.0025099999999999996,219.68611700281352
20210324_plate2,156,0.338,0.006082762530298225,1.7996338847036168,0.05013106379930563,9.256170967185222e-5,20210324,0.0025,213.3459882837249
20210324_plate2,rgt_blank,0.42600000000000005,0.011357816691600525,2.666154152957869,0.05013106379930563,9.256170967185222e-5,20210324,NA,NA
20210331_plate1,157,0.278,0.008544003745317538,3.073382642200553,0.052450508332536935,-3.591162928603068e-4,20210331,0.00249,417.6777091384365
20210331_plate1,158,0.30200000000000005,0.002645751311064593,0.8760765930677459,0.052450508332536935,-3.591162928603068e-4,20210331,0.0024700000000000004,329.32441285754925
20210331_plate1,159,0.3133333333333333,5.773502691896263e-4,0.18426072420945522,0.052450508332536935,-3.591162928603068e-4,20210331,0.00248,284.8517188547468
20210331_plate1,160,0.29900000000000004,0.0010000000000000009,0.33444816053511733,0.052450508332536935,-3.591162928603068e-4,20210331,0.00252,334.02959295941145
20210331_plate1,161,0.278,0.002645751311064593,0.9517091046994938,0.052450508332536935,-3.591162928603068e-4,20210331,0.0025299999999999997,411.07410899395535
20210331_plate1,162,0.2903333333333334,0.0037859388972001857,1.303997323949547,0.052450508332536935,-3.591162928603068e-4,20210331,0.0024700000000000004,373.91796245201397
20210331_plate1,163,0.15166666666666667,0.001527525231651948,1.0071594933968886,0.052450508332536935,-3.591162928603068e-4,20210331,0.00248,900.2992158212085
20210331_plate1,164,0.13533333333333333,5.773502691896263e-4,0.42661349940120175,0.052450508332536935,-3.591162928603068e-4,20210331,0.00254,939.7427361158485
20210331_plate1,165,0.12266666666666666,0.001527525231651948,1.2452651344988706,0.052450508332536935,-3.591162928603068e-4,20210331,0.00246,1018.9161417611544
20210331_plate1,166,0.20133333333333334,0.006658328118479383,3.3071166151387663,0.052450508332536935,-3.591162928603068e-4,20210331,0.0025299999999999997,697.1677908077933
20210331_plate1,167,0.2326666666666667,0.001527525231651948,0.6565294691913816,0.052450508332536935,-3.591162928603068e-4,20210331,0.0025,587.2054574992833
20210331_plate1,168,0.2776666666666667,0.005773502691896263,2.0792926861571175,0.052450508332536935,-3.591162928603068e-4,20210331,0.00252,413.9541770851822
20210331_plate1,169,0.2903333333333334,0.0025166114784235852,0.8668007388370557,0.052450508332536935,-3.591162928603068e-4,20210331,0.0025299999999999997,365.0503427891205
20210331_plate1,170,0.2796666666666667,0.001527525231651948,0.5461949576824605,0.052450508332536935,-3.591162928603068e-4,20210331,0.0025099999999999996,408.08061484260804
20210331_plate1,171,0.262,0.002645751311064593,1.0098287446811423,0.052450508332536935,-3.591162928603068e-4,20210331,0.00249,478.3433573302865
20210331_plate1,172,0.20733333333333331,0.0020816659994661343,1.0040189708036018,0.052450508332536935,-3.591162928603068e-4,20210331,0.0025099999999999996,680.1545664321023
20210331_plate1,173,0.21133333333333332,0.0011547005383792527,0.5463882673718862,0.052450508332536935,-3.591162928603068e-4,20210331,0.0025,667.7694382980601
20210331_plate1,174,0.21966666666666668,5.773502691896263e-4,0.26283016806811516,0.052450508332536935,-3.591162928603068e-4,20210331,0.00246,646.6454606692458
20210331_plate1,175,0.22566666666666668,0.0028867513459481316,1.279210345324135,0.052450508332536935,-3.591162928603068e-4,20210331,0.00248,618.5892275190342
20210331_plate1,176,0.25433333333333336,0.001527525231651948,0.6005996978972272,0.052450508332536935,-3.591162928603068e-4,20210331,0.0025099999999999996,503.36918774952767
20210331_plate1,177,0.3053333333333334,0.0023094010767585054,0.7563540644405583,0.052450508332536935,-3.591162928603068e-4,20210331,0.0025499999999999997,306.6513704935783
20210331_plate1,178,0.07866666666666666,5.773502691896263e-4,0.7339198337156267,0.052450508332536935,-3.591162928603068e-4,20210331,0.0025099999999999996,1164.1202130382999
20210331_plate1,179,0.09,0.0017320508075688787,1.9245008972987543,0.052450508332536935,-3.591162928603068e-4,20210331,0.00252,1117.0407530665702
20210331_plate1,rgt_blank,0.39166666666666666,0.0011547005383792527,0.2948171587351283,0.052450508332536935,-3.591162928603068e-4,20210331,NA,NA
20210529_plate1,191,0.2053333333333333,5.773502691896263e-4,0.2811770791507921,0.05207469767795201,3.1018118521940023e-4,20210529,0.00249,650.3962090294788
20210529_plate1,192,0.21233333333333332,5.773502691896263e-4,0.27190750511285383,0.05207469767795201,3.1018118521940023e-4,20210529,0.0025099999999999996,619.0726858203915
20210529_plate1,193,0.20966666666666667,0.0023094010767585054,1.1014631526670138,0.05207469767795201,3.1018118521940023e-4,20210529,0.0025099999999999996,629.0311937428683
20210529_plate1,194,0.2033333333333333,0.003055050463303896,1.5024838344117522,0.05207469767795201,3.1018118521940023e-4,20210529,0.0025,655.2933806589858
20210529_plate1,195,0.19699999999999998,0.0010000000000000009,0.5076142131979701,0.05207469767795201,3.1018118521940023e-4,20210529,0.00252,673.6502408731468
20210529_plate1,196,0.14466666666666667,5.773502691896263e-4,0.39909004782693064,0.05207469767795201,3.1018118521940023e-4,20210529,0.0025299999999999997,864.8783632911615
20210529_plate1,197,0.11266666666666665,5.773502691896263e-4,0.5124410673280707,0.05207469767795201,3.1018118521940023e-4,20210529,0.0025299999999999997,983.4357777674475
20210529_plate1,198,0.10899999999999999,0.0017320508075688787,1.5890374381365862,0.05207469767795201,3.1018118521940023e-4,20210529,0.0025,1008.9847272876359
20210529_plate1,199,0.09533333333333334,0.0011547005383792527,1.2112243409572578,0.05207469767795201,3.1018118521940023e-4,20210529,0.00252,1051.8117359154173
20210529_plate1,200,0.06633333333333334,0.001527525231651948,2.30280185676173,0.05207469767795201,3.1018118521940023e-4,20210529,0.00249,1173.6528097934784
20210529_plate1,201,0.1363333333333333,0.001527525231651948,1.1204341552459278,0.05207469767795201,3.1018118521940023e-4,20210529,0.0025099999999999996,902.8901616109824
20210529_plate1,202,0.09366666666666666,0.0011547005383792527,1.232776375493864,0.05207469767795201,3.1018118521940023e-4,20210529,0.00248,1075.0757999234825
20210529_plate1,203,0.07633333333333335,0.0011547005383792527,1.5127081288811166,0.05207469767795201,3.1018118521940023e-4,20210529,0.0025099999999999996,1126.9565898667122
20210529_plate1,204,0.08466666666666665,0.001527525231651948,1.8041636594314348,0.05207469767795201,3.1018118521940023e-4,20210529,0.0025299999999999997,1087.1735154341975
20210529_plate1,205,0.078,9.99999999999987e-4,1.2820512820512653,0.05207469767795201,3.1018118521940023e-4,20210529,0.0024700000000000004,1138.882036948203
20210529_plate1,206,0.067,0.0020000000000000018,2.985074626865674,0.05207469767795201,3.1018118521940023e-4,20210529,0.0025099999999999996,1161.8113675953812
20210529_plate1,207,0.05766666666666667,0.0020816659994661343,3.6098254326002324,0.05207469767795201,3.1018118521940023e-4,20210529,0.00252,1191.917470144193
20210529_plate1,208,0.155,0.0010000000000000009,0.6451612903225813,0.05207469767795201,3.1018118521940023e-4,20210529,0.00252,829.8743339070028
20210529_plate1,rgt_blank,0.38433333333333336,0.0025166114784235852,0.654799170448461,0.05207469767795201,3.1018118521940023e-4,20210529,NA,NA
20210707_plate1,109,0.065,0,0,0.05274066294586046,2.9493158327878986e-4,20210707,0.0025499999999999997,1148.9594347228435
20210707_plate1,180,0.158,0,0,0.05274066294586046,2.9493158327878986e-4,20210707,0.00248,825.3902664635268
20210707_plate1,181,0.11399999999999999,0.0010000000000000009,0.8771929824561412,0.05274066294586046,2.9493158327878986e-4,20210707,0.0025299999999999997,974.1794116050443
20210707_plate1,182,0.10933333333333332,5.773502691896263e-4,0.5280642706002681,0.05274066294586046,2.9493158327878986e-4,20210707,0.00248,1011.6838984819693
20210707_plate1,183,0.128,0,0,0.05274066294586046,2.9493158327878986e-4,20210707,0.00248,940.2288067488681
20210707_plate1,184,0.07100000000000001,0,0,0.05274066294586046,2.9493158327878986e-4,20210707,0.0025499999999999997,1126.6222127693025
20210707_plate1,185,0.152,0,0,0.05274066294586046,2.9493158327878986e-4,20210707,0.00248,848.357974520595
20210707_plate1,186,0.11033333333333332,5.773502691896263e-4,0.5232781895978487,0.05274066294586046,2.9493158327878986e-4,20210707,0.00252,991.8582336924719
20210707_plate1,187,0.05366666666666667,5.773502691896263e-4,1.075807955011726,0.05274066294586046,2.9493158327878986e-4,20210707,0.00249,1219.8544220694
20210707_plate1,188,0.060666666666666674,5.773502691896263e-4,0.9516762678949884,0.05274066294586046,2.9493158327878986e-4,20210707,0.0025,1188.3937102564087
20210707_plate1,189,0.06233333333333334,5.773502691896222e-4,0.926230378379073,0.05274066294586046,2.9493158327878986e-4,20210707,0.0025099999999999996,1177.355409066639
20210707_plate1,190,0.22166666666666668,5.773502691896263e-4,0.2604587680554705,0.05274066294586046,2.9493158327878986e-4,20210707,0.00254,567.9369541220414
20210707_plate1,209,0.178,0,0,0.05274066294586046,2.9493158327878986e-4,20210707,0.00254,731.1423126867909
20210707_plate1,210,0.19333333333333333,5.773502691896263e-4,0.2986294495808412,0.05274066294586046,2.9493158327878986e-4,20210707,0.0025299999999999997,676.4969345825589
20210707_plate1,211,0.2336666666666667,5.773502691896263e-4,0.247082854146773,0.05274066294586046,2.9493158327878986e-4,20210707,0.00246,540.0975737833036
20210707_plate1,212,0.23533333333333334,0.0011547005383792527,0.49066595115265693,0.05274066294586046,2.9493158327878986e-4,20210707,0.0025299999999999997,518.9003291000668
20210707_plate1,213,0.23733333333333334,0.0023094010767585054,0.9730622514431905,0.05274066294586046,2.9493158327878986e-4,20210707,0.0025299999999999997,511.39572883899575
20210707_plate1,214,0.152,0.0010000000000000009,0.6578947368421059,0.05274066294586046,2.9493158327878986e-4,20210707,0.00252,834.89197492503
20210707_plate1,215,0.10999999999999999,0.0010000000000000009,0.9090909090909101,0.05274066294586046,2.9493158327878986e-4,20210707,0.0024700000000000004,1013.2174852962673
20210707_plate1,216,0.1383333333333333,5.773502691896263e-4,0.41736164037804324,0.05274066294586046,2.9493158327878986e-4,20210707,0.00252,886.376907800751
20210707_plate1,217,0.09566666666666666,0.0020816659994661343,2.175957490731151,0.05274066294586046,2.9493158327878986e-4,20210707,0.00249,1059.7261442096792
20210707_plate1,218,0.09233333333333334,5.773502691896263e-4,0.6252891002053715,0.05274066294586046,2.9493158327878986e-4,20210707,0.0024700000000000004,1081.1184197771724
20210707_plate1,219,0.013999999999999999,0,0,0.05274066294586046,2.9493158327878986e-4,20210707,0.00254,1344.0967891284445
20210707_plate1,220,0.10066666666666667,5.773502691896263e-4,0.5735267574731387,0.05274066294586046,2.9493158327878986e-4,20210707,0.00248,1044.8594767866236
20210707_plate1,rgt_blank,0.38133333333333336,0.0032145502536643214,0.8429764651217626,0.05274066294586046,2.9493158327878986e-4,20210707,NA,NA
20210707_plate1,soil_std1,0.189,0.0020000000000000018,1.0582010582010593,0.05274066294586046,2.9493158327878986e-4,20210707,0.00249,703.8855267436327
20210707_plate2,221,0.103,9.99999999999987e-4,0.9708737864077545,0.052437059927281884,2.865347919372603e-4,20210707,0.00254,1014.26797102342
20210707_plate2,222,0.07400000000000001,0,0,0.052437059927281884,2.865347919372603e-4,20210707,0.00249,1144.5630920561841
20210707_plate2,223,0.09133333333333334,5.773502691896263e-4,0.6321353312295178,0.052437059927281884,2.865347919372603e-4,20210707,0.00248,1083.2090613898301
20210707_plate2,224,0.06233333333333334,0.0015275252316519442,2.4505752379442955,0.052437059927281884,2.865347919372603e-4,20210707,0.0025299999999999997,1169.9920652439491
20210707_plate2,225,0.09066666666666666,5.773502691896263e-4,0.6367833851356174,0.052437059927281884,2.865347919372603e-4,20210707,0.00252,1068.512269618275
20210707_plate2,226,0.2306666666666667,0.0020816659994661343,0.9024563581500581,0.052437059927281884,2.865347919372603e-4,20210707,0.0025499999999999997,537.7400036355095
20210707_plate2,227,0.222,0.0010000000000000009,0.4504504504504509,0.052437059927281884,2.865347919372603e-4,20210707,0.0024700000000000004,588.2748270271695
20210707_plate2,228,0.22966666666666669,0.0011547005383792527,0.5027723679445222,0.052437059927281884,2.865347919372603e-4,20210707,0.0025,552.2702720229839
20210707_plate2,229,0.22666666666666668,0.001527525231651948,0.6739081904346829,0.052437059927281884,2.865347919372603e-4,20210707,0.00252,559.1236874675366
20210707_plate2,230,0.22566666666666668,5.773502691896263e-4,0.255842069064827,0.052437059927281884,2.865347919372603e-4,20210707,0.0025299999999999997,560.6444123340328
20210707_plate2,231,0.21066666666666667,0.0025166114784235852,1.1945940562137272,0.052437059927281884,2.865347919372603e-4,20210707,0.00254,614.1773326806158
20210707_plate2,232,0.07433333333333335,5.773502691896263e-4,0.7767043980129501,0.052437059927281884,2.865347919372603e-4,20210707,0.0025099999999999996,1134.189591882176
20210707_plate2,233,0.11433333333333333,5.773502691896263e-4,0.5049710809238714,0.052437059927281884,2.865347919372603e-4,20210707,0.0025,987.7076176591328
20210707_plate2,234,0.08866666666666666,5.773502691896263e-4,0.6511469201386764,0.052437059927281884,2.865347919372603e-4,20210707,0.00249,1088.9671730971384
20210707_plate2,235,0.049333333333333326,5.773502691896263e-4,1.1703045997087023,0.052437059927281884,2.865347919372603e-4,20210707,0.0025,1233.113058118812
20210707_plate2,236,0.08233333333333333,5.773502691896263e-4,0.7012351447647284,0.052437059927281884,2.865347919372603e-4,20210707,0.0025499999999999997,1086.78686640352
20210707_plate2,237,0.10666666666666665,0.0011547005383792527,1.0825317547305495,0.052437059927281884,2.865347919372603e-4,20210707,0.00249,1020.7358180110366
20210707_plate2,238,0.16366666666666668,0.0011547005383792527,0.7055196772174659,0.052437059927281884,2.865347919372603e-4,20210707,0.00249,804.669860238381
20210707_plate2,239,0.11566666666666665,0.0020816659994661343,1.7997112387315284,0.052437059927281884,2.865347919372603e-4,20210707,0.00248,990.5984474860018
20210707_plate2,240,0.15866666666666668,5.773502691896263e-4,0.36387622007749554,0.052437059927281884,2.865347919372603e-4,20210707,0.0024700000000000004,830.2920266915473
20210707_plate2,241,0.063,9.999999999999974e-4,1.587301587301583,0.052437059927281884,2.865347919372603e-4,20210707,0.00248,1191.0433378531923
20210707_plate2,242,0.056,0.0010000000000000009,1.7857142857142874,0.052437059927281884,2.865347919372603e-4,20210707,0.0025,1207.9432693537167
20210707_plate2,243,0.07033333333333334,5.773502691896263e-4,0.8208771599852507,0.052437059927281884,2.865347919372603e-4,20210707,0.00249,1158.4620717959458
20210707_plate2,244,0.20733333333333331,5.773502691896263e-4,0.27846476005930537,0.052437059927281884,2.865347919372603e-4,20210707,NA,NA
20210707_plate2,245,0.22266666666666668,0.0023094010767585054,1.0371561721969336,0.052437059927281884,2.865347919372603e-4,20210707,NA,NA
20210707_plate2,rgt_blank,0.3756666666666667,0.010692676621563606,2.8463203074259815,0.052437059927281884,2.865347919372603e-4,20210707,NA,NA
20210707_plate2,soil_std2,0.188,0.0010000000000000009,0.5319148936170218,0.052437059927281884,2.865347919372603e-4,20210707,0.00252,703.9498529809819
20210707_plate3,219_redo,0.01466666666666667,0.0037859388972001817,25.813219753637597,0.051781928608262195,4.693319200137491e-4,20210707,0.0025099999999999996,1346.1418178771767
20210707_plate3,246,0.2006666666666667,0.0035118845842842493,1.750108596819393,0.051781928608262195,4.693319200137491e-4,20210707,NA,NA
20210707_plate3,247,0.2016666666666667,0.0028867513459481316,1.431446948404032,0.051781928608262195,4.693319200137491e-4,20210707,NA,NA
20210707_plate3,248,0.21300000000000002,0,0,0.051781928608262195,4.693319200137491e-4,20210707,NA,NA
20210707_plate3,249,0.2016666666666667,0.0025166114784235852,1.247906518226571,0.051781928608262195,4.693319200137491e-4,20210707,NA,NA
20210707_plate3,250,0.22933333333333336,0.0025166114784235852,1.097359656289354,0.051781928608262195,4.693319200137491e-4,20210707,NA,NA
20210707_plate3,251,0.2266666666666667,0.001527525231651948,0.6739081904346828,0.051781928608262195,4.693319200137491e-4,20210707,NA,NA
20210707_plate3,252,0.249,0.0020000000000000018,0.8032128514056233,0.051781928608262195,4.693319200137491e-4,20210707,NA,NA
20210707_plate3,253,0.13266666666666668,5.773502691896263e-4,0.43518864511780875,0.051781928608262195,4.693319200137491e-4,20210707,NA,NA
20210707_plate3,254,0.126,0.001999999999999995,1.587301587301583,0.051781928608262195,4.693319200137491e-4,20210707,NA,NA
20210707_plate3,255,0.112,0.002645751311064593,2.362277956307672,0.051781928608262195,4.693319200137491e-4,20210707,NA,NA
20210707_plate3,256,0.2106666666666667,0.0025166114784235852,1.194594056213727,0.051781928608262195,4.693319200137491e-4,20210707,NA,NA
20210707_plate3,257,0.2256666666666667,0.0020816659994661343,0.9224516984340329,0.051781928608262195,4.693319200137491e-4,20210707,NA,NA
20210707_plate3,258,0.21000000000000002,0.0010000000000000009,0.4761904761904766,0.051781928608262195,4.693319200137491e-4,20210707,NA,NA
20210707_plate3,259,0.16699999999999998,0.0010000000000000009,0.5988023952095813,0.051781928608262195,4.693319200137491e-4,20210707,NA,NA
20210707_plate3,260,0.202,0.0017320508075688787,0.8574508948360785,0.051781928608262195,4.693319200137491e-4,20210707,NA,NA
20210707_plate3,261,0.16766666666666666,0.001527525231651948,0.9110488459156747,0.051781928608262195,4.693319200137491e-4,20210707,NA,NA
20210707_plate3,262,0.23000000000000004,0.0017320508075688787,0.753065568508208,0.051781928608262195,4.693319200137491e-4,20210707,NA,NA
20210707_plate3,263,0.24466666666666667,0.0011547005383792527,0.4719484489288499,0.051781928608262195,4.693319200137491e-4,20210707,NA,NA
20210707_plate3,264,0.245,0.002645751311064593,1.0798984943120788,0.051781928608262195,4.693319200137491e-4,20210707,NA,NA
20210707_plate3,265,0.1506666666666667,5.773502691896263e-4,0.3831970813205484,0.051781928608262195,4.693319200137491e-4,20210707,NA,NA
20210707_plate3,266,0.1376666666666667,0.0011547005383792527,0.8387655242464305,0.051781928608262195,4.693319200137491e-4,20210707,NA,NA
20210707_plate3,267,0.197,0.0017320508075688787,0.8792136079029841,0.051781928608262195,4.693319200137491e-4,20210707,NA,NA
20210707_plate3,268,0.15033333333333335,0.001527525231651948,1.0160921718305638,0.051781928608262195,4.693319200137491e-4,20210707,NA,NA
20210707_plate3,269,0.191,0.0017320508075688787,0.9068328835439156,0.051781928608262195,4.693319200137491e-4,20210707,NA,NA
20210707_plate3,rgt_blank,0.377,0.0050000000000000044,1.3262599469496033,0.051781928608262195,4.693319200137491e-4,20210707,NA,NA
20210707_plate3,soil_std3,0.193,0.0010000000000000009,0.5181347150259072,0.051781928608262195,4.693319200137491e-4,20210707,0.0025099999999999996,683.9107787037835
20210713_plate1,1,0.1433333333333333,5.773502691896263e-4,0.40280251338811146,0.050614185979375094,1.1217798154794685e-4,20210713,0.0025299999999999997,898.7991956733173
20210713_plate1,10,0.10166666666666667,5.773502691896263e-4,0.5678855106783209,0.050614185979375094,1.1217798154794685e-4,20210713,0.00252,1053.003317420161
20210713_plate1,11,0.10366666666666666,5.773502691896103e-4,0.5569295201185952,0.050614185979375094,1.1217798154794685e-4,20210713,0.0025,1054.1389011784922
20210713_plate1,12,0.08333333333333333,5.773502691896263e-4,0.6928203230275517,0.050614185979375094,1.1217798154794685e-4,20210713,0.00252,1119.2837990598189
20210713_plate1,13,0.18866666666666668,0.004618802153517011,2.448128349920677,0.050614185979375094,1.1217798154794685e-4,20210713,0.0025499999999999997,729.7843950830555
20210713_plate1,14,0.20066666666666666,5.773502691896263e-4,0.28771608099150814,0.050614185979375094,1.1217798154794685e-4,20210713,0.0024700000000000004,709.1593383588425
20210713_plate1,15,0.18433333333333332,0.001527525231651948,0.828675532541744,0.050614185979375094,1.1217798154794685e-4,20210713,0.0024500000000000004,775.6854173574302
20210713_plate1,16,0.19066666666666668,5.773502691896263e-4,0.30280608523931446,0.050614185979375094,1.1217798154794685e-4,20210713,0.0025099999999999996,734.1550201231938
20210713_plate1,17,0.19766666666666666,0.002081665999466119,1.0531193926472777,0.050614185979375094,1.1217798154794685e-4,20210713,0.00254,700.3760732973244
20210713_plate1,18,0.207,0.0034641016151377574,1.6734790411293516,0.050614185979375094,1.1217798154794685e-4,20210713,0.0025499999999999997,664.2836838156289
20210713_plate1,19,0.19033333333333333,0.0011547005383792527,0.6066727872395373,0.050614185979375094,1.1217798154794685e-4,20210713,0.0024500000000000004,753.3738578236648
20210713_plate1,2,0.1413333333333333,0.0020816659994661343,1.472876886414718,0.050614185979375094,1.1217798154794685e-4,20210713,0.0025,916.873228802427
20210713_plate1,20,0.212,0.0017320508075688787,0.8170050979098484,0.050614185979375094,1.1217798154794685e-4,20210713,0.0025299999999999997,651.5298918373188
20210713_plate1,21,0.17666666666666667,5.773502691896263e-4,0.32680203916393946,0.050614185979375094,1.1217798154794685e-4,20210713,0.0025499999999999997,772.6575879126437
20210713_plate1,22,0.216,0.0010000000000000009,0.46296296296296335,0.050614185979375094,1.1217798154794685e-4,20210713,0.00246,655.2554522127099
20210713_plate1,23,0.22133333333333333,5.773502691896263e-4,0.26085102523627696,0.050614185979375094,1.1217798154794685e-4,20210713,0.00246,635.5035747573438
20210713_plate1,24,0.18766666666666668,0.001527525231651948,0.813956606564093,0.050614185979375094,1.1217798154794685e-4,20210713,0.00254,736.2443940701098
20210713_plate1,25,0.23033333333333333,0.001527525231651948,0.6631802742338414,0.050614185979375094,1.1217798154794685e-4,20210713,0.0025299999999999997,585.5113883859598
20210713_plate1,3,0.19,0,0,0.050614185979375094,1.1217798154794685e-4,20210713,0.0025499999999999997,725.020706990879
20210713_plate1,4,0.17933333333333332,0.004932882862316252,2.75067817601278,0.050614185979375094,1.1217798154794685e-4,20210713,0.0025099999999999996,775.2916493653952
20210713_plate1,5,0.17266666666666666,5.773502691896263e-4,0.3343727427739149,0.050614185979375094,1.1217798154794685e-4,20210713,0.0025499999999999997,786.9486521891732
20210713_plate1,6,0.1723333333333333,5.773502691896263e-4,0.3350194985626459,0.050614185979375094,1.1217798154794685e-4,20210713,0.00248,810.3854492907882
20210713_plate1,7,0.15466666666666667,5.773502691896263e-4,0.37328681197605146,0.050614185979375094,1.1217798154794685e-4,20210713,0.0025299999999999997,857.9877571761135
20210713_plate1,8,0.165,0.0010000000000000009,0.6060606060606066,0.050614185979375094,1.1217798154794685e-4,20210713,0.00249,833.9625059172407
20210713_plate1,9,0.2023333333333333,5.773502691896263e-4,0.2853460967988269,0.050614185979375094,1.1217798154794685e-4,20210713,0.0024700000000000004,703.011866377542
20210713_plate1,rgt_blank,0.37033333333333335,0.0032145502536642897,0.8680153700263609,0.050614185979375094,1.1217798154794685e-4,20210713,NA,NA
20210713_plate1,soil_std,0.21966666666666668,0.001527525231651948,0.6953832617535423,0.050614185979375094,1.1217798154794685e-4,20210713,0.0025,631.4092198787513
20210713_plate2,26,0.21833333333333332,5.773502691896263e-4,0.2644352377967754,0.04995104797298647,3.20269469253464e-4,20210713,0.00246,641.9818334130116
20210713_plate2,27,0.21466666666666667,0.0025166114784235852,1.172334539638316,0.04995104797298647,3.20269469253464e-4,20210713,0.00248,650.0979846202335
20210713_plate2,28,0.25666666666666665,5.773502691896263e-4,0.22494166332063364,0.04995104797298647,3.20269469253464e-4,20210713,0.0025499999999999997,484.16199183623615
20210713_plate2,29,0.25566666666666665,5.773502691896263e-4,0.2258214872971159,0.04995104797298647,3.20269469253464e-4,20210713,0.0024700000000000004,503.4835092378702
20210713_plate2,30,0.2406666666666667,0.003055050463303896,1.269411549849264,0.04995104797298647,3.20269469253464e-4,20210713,0.00248,555.8355231228236
20210713_plate2,31,0.227,0.0010000000000000009,0.44052863436123385,0.04995104797298647,3.20269469253464e-4,20210713,0.0025,600.5406701432598
20210713_plate2,32,0.23933333333333334,5.773502691896263e-4,0.24123270300402214,0.04995104797298647,3.20269469253464e-4,20210713,0.0024700000000000004,562.9394124931656
20210713_plate2,33,0.23633333333333334,0.0011547005383792527,0.4885897905695004,0.04995104797298647,3.20269469253464e-4,20210713,0.0025099999999999996,564.7147070771045
20210713_plate2,34,0.15633333333333332,5.773502691896263e-4,0.3693072084368612,0.04995104797298647,3.20269469253464e-4,20210713,0.00248,861.5842764413459
20210713_plate2,35,0.16033333333333333,5.773502691896263e-4,0.360093722987293,0.04995104797298647,3.20269469253464e-4,20210713,0.00246,853.9692077373933
20210713_plate2,36,0.15933333333333333,5.773502691896263e-4,0.36235372543281985,0.04995104797298647,3.20269469253464e-4,20210713,0.00252,837.20453955124
20210713_plate2,37,0.13333333333333333,5.773502691896263e-4,0.43301270189221974,0.04995104797298647,3.20269469253464e-4,20210713,0.00254,922.6481670010635
20210713_plate2,38,0.14833333333333332,0.001527525231651948,1.0297922910013133,0.04995104797298647,3.20269469253464e-4,20210713,0.0025499999999999997,866.14059398260315
20210713_plate2,39,0.14633333333333332,5.773502691896263e-4,0.3945446030908609,0.04995104797298647,3.20269469253464e-4,20210713,0.00252,883.5876555261561
20210713_plate2,40,0.14733333333333332,5.773502691896263e-4,0.3918666985449953,0.04995104797298647,3.20269469253464e-4,20210713,0.0025,887.0598813163102
20210713_plate2,41,0.1693333333333333,5.773502691896263e-4,0.34095488337970065,0.04995104797298647,3.20269469253464e-4,20210713,0.00252,801.5252195705355
20210713_plate2,42,0.172,0,0,0.04995104797298647,3.20269469253464e-4,20210713,0.00248,804.7851009236757
20210713_plate2,43,0.2033333333333333,0.0020816659994661343,1.0237701636718695,0.04995104797298647,3.20269469253464e-4,20210713,0.00252,680.2155316361398
20210713_plate2,44,0.20766666666666667,0.0028867513459481316,1.3900889306331292,0.04995104797298647,3.20269469253464e-4,20210713,0.0024700000000000004,678.211061661596
20210713_plate2,45,0.18266666666666667,5.773502691896263e-4,0.3160676656147589,0.04995104797298647,3.20269469253464e-4,20210713,0.00246,772.3418854400738
20210713_plate2,46,0.20866666666666667,0.0011547005383792527,0.5533708650379805,0.04995104797298647,3.20269469253464e-4,20210713,0.0025099999999999996,663.8207703860579
20210713_plate2,47,0.22133333333333333,0.0025166114784235852,1.137023258323909,0.04995104797298647,3.20269469253464e-4,20210713,0.0025099999999999996,618.4469100759347
20210713_plate2,48,0.23233333333333334,0.0032145502536643214,1.383594083356236,0.04995104797298647,3.20269469253464e-4,20210713,0.00249,583.6942447004348
20210713_plate2,49,0.13366666666666666,0.0011547005383792366,0.863865739435838,0.04995104797298647,3.20269469253464e-4,20210713,0.00249,939.9715989173985
20210713_plate2,rgt_blank,0.37366666666666665,0.003055050463303896,0.817587099902916,0.04995104797298647,3.20269469253464e-4,20210713,NA,NA
20210722_plate1,50,0.133,0.0010000000000000009,0.7518796992481209,0.04979991793767673,3.3222005056098534e-4,20210722,0.00249,942.9680142453984
20210722_plate1,51,0.145,0.0010000000000000009,0.6896551724137938,0.04979991793767673,3.3222005056098534e-4,20210722,0.00252,889.0565606054207
20210722_plate1,52,0.15066666666666667,5.773502691896263e-4,0.3831970813205484,0.04979991793767673,3.3222005056098534e-4,20210722,0.0024500000000000004,893.7251495629507
20210722_plate1,53,0.15866666666666668,5.773502691896263e-4,0.36387622007749554,0.04979991793767673,3.3222005056098534e-4,20210722,0.0025,847.1658938395901
20210722_plate1,54,0.12233333333333334,5.773502691896263e-4,0.4719484489288499,0.04979991793767673,3.3222005056098534e-4,20210722,0.00252,969.684999171183
20210722_plate1,55,0.15833333333333333,0.0032145502536643214,2.030242265472203,0.04979991793767673,3.3222005056098534e-4,20210722,0.0025,848.3610918700945
20210722_plate1,56,0.21966666666666668,5.773502691896263e-4,0.26283016806811516,0.04979991793767673,3.3222005056098534e-4,20210722,0.00248,633.5127563077762
20210722_plate1,57,0.23633333333333334,0.0011547005383792527,0.4885897905695004,0.04979991793767673,3.3222005056098534e-4,20210722,0.00249,570.9686272410662
20210722_plate1,58,0.26166666666666666,0.0020816659994661343,0.7955411462927902,0.04979991793767673,3.3222005056098534e-4,20210722,0.0025099999999999996,475.94591873882433
20210722_plate1,59,0.221,0.0010000000000000009,0.4524886877828058,0.04979991793767673,3.3222005056098534e-4,20210722,0.0025499999999999997,611.4351589561736
20210722_plate1,60,0.24799999999999997,0.0010000000000000009,0.4032258064516133,0.04979991793767673,3.3222005056098534e-4,20210722,0.0025099999999999996,524.7538064386988
20210722_plate1,61,0.21266666666666667,5.773502691896263e-4,0.27148131780076473,0.04979991793767673,3.3222005056098534e-4,20210722,0.0025,653.5438128979031
20210722_plate1,62,0.21266666666666667,5.773502691896263e-4,0.27148131780076473,0.04979991793767673,3.3222005056098534e-4,20210722,0.00252,648.3569572399832
20210722_plate1,63,0.21566666666666667,5.773502691896263e-4,0.2677049161621142,0.04979991793767673,3.3222005056098534e-4,20210722,0.00249,645.3685046419325
20210722_plate1,64,0.1443333333333333,5.773502691896263e-4,0.40001173384962574,0.04979991793767673,3.3222005056098534e-4,20210722,0.00252,891.4279852691197
20210722_plate1,65,0.101,0.0017320508075688787,1.714901789672157,0.04979991793767673,3.3222005056098534e-4,20210722,0.00249,1058.1678244144819
20210722_plate1,66,0.11599999999999999,0.0010000000000000009,0.8620689655172422,0.04979991793767673,3.3222005056098534e-4,20210722,0.0024700000000000004,1012.2988276762478
20210722_plate1,67,0.1443333333333333,0.001527525231651948,1.058331569273867,0.04979991793767673,3.3222005056098534e-4,20210722,0.0025,898.5594091512727
20210722_plate1,68,0.177,0.0010000000000000009,0.56497175141243,0.04979991793767673,3.3222005056098534e-4,20210722,0.00248,787.7318570180009
20210722_plate1,69,0.157,0.0010000000000000009,0.6369426751592362,0.04979991793767673,3.3222005056098534e-4,20210722,0.00249,856.5681566185858
20210722_plate1,70,0.22366666666666668,0.001527525231651948,0.6829471974598872,0.04979991793767673,3.3222005056098534e-4,20210722,0.00249,616.5685520996617
20210722_plate1,71,0.22933333333333333,0.0011547005383792527,0.5035031417351393,0.04979991793767673,3.3222005056098534e-4,20210722,0.0024700000000000004,600.9958617132497
20210722_plate1,72,0.21533333333333332,5.773502691896263e-4,0.26811932005710204,0.04979991793767673,3.3222005056098534e-4,20210722,0.00254,633.8407762341232
20210722_plate1,73,0.21766666666666667,0.001527525231651948,0.7017726944802211,0.04979991793767673,3.3222005056098534e-4,20210722,0.00248,640.741776653568
20210722_plate1,rgt_blank,0.40700000000000003,0.0034641016151377574,0.8511306179699649,0.04979991793767673,3.3222005056098534e-4,20210722,NA,NA
20210722_plate1,soil_std,0.23433333333333334,0.0020816659994661343,0.8883354194023333,0.04979991793767673,3.3222005056098534e-4,20210722,0.00254,566.7873434204009
20210723_plate1,74,0.23733333333333334,0.0011547005383792527,0.48653112572159524,0.052235088273532515,-2.888907789698799e-4,20210723,0.0025099999999999996,565.9431749678365
20210723_plate1,75,0.2453333333333333,5.773502691896263e-4,0.23533299015881512,0.052235088273532515,-2.888907789698799e-4,20210723,0.0025299999999999997,531.7386727491634
20210723_plate1,76,0.25933333333333336,5.773502691896263e-4,0.22262863850499728,0.052235088273532515,-2.888907789698799e-4,20210723,0.0025299999999999997,479.7100472751307
20210723_plate1,77,0.26666666666666666,5.773502691896263e-4,0.21650635094610987,0.052235088273532515,-2.888907789698799e-4,20210723,0.0024700000000000004,463.44781501417714
20210723_plate1,78,0.2753333333333334,5.773502691896263e-4,0.20969138106160762,0.052235088273532515,-2.888907789698799e-4,20210723,0.00246,432.2070590968727
20210723_plate1,79,0.11833333333333333,0.0011547005383792527,0.975803271869791,0.052235088273532515,-2.888907789698799e-4,20210723,0.0025299999999999997,1003.712632406457
20210723_plate1,80,0.14966666666666667,5.773502691896263e-4,0.3857574181667882,0.052235088273532515,-2.888907789698799e-4,20210723,0.00254,883.7744339077213
20210723_plate1,81,0.12733333333333333,5.773502691896263e-4,0.4534164417719579,0.052235088273532515,-2.888907789698799e-4,20210723,0.0025,981.9088467940853
20210723_plate1,82,0.19799999999999998,0,0,0.052235088273532515,-2.888907789698799e-4,20210723,0.0025499999999999997,702.0948212336784
20210723_plate1,83,0.20766666666666667,0.001527525231651948,0.7355659221437951,0.052235088273532515,-2.888907789698799e-4,20210723,0.00252,674.3860081547355
20210723_plate1,84,0.209,0.0010000000000000009,0.4784688995215315,0.052235088273532515,-2.888907789698799e-4,20210723,0.0025499999999999997,661.5358115154061
20210723_plate1,85,0.24033333333333334,5.773502691896263e-4,0.24022896082786116,0.052235088273532515,-2.888907789698799e-4,20210723,0.0025099999999999996,554.7053472117777
20210723_plate1,86,0.2326666666666667,5.773502691896263e-4,0.24814481483794826,0.052235088273532515,-2.888907789698799e-4,20210723,0.0025,585.7579373276146
20210723_plate1,87,0.2396666666666667,0.0020816659994661343,0.8685671764114608,0.052235088273532515,-2.888907789698799e-4,20210723,0.00254,550.6215086985769
20210723_plate1,88,0.24466666666666664,5.773502691895942e-4,0.23597422446441185,0.052235088273532515,-2.888907789698799e-4,20210723,0.0024700000000000004,547.1931387239703
20210723_plate1,89,0.2483333333333333,0.0011547005383792527,0.46498008256882667,0.052235088273532515,-2.888907789698799e-4,20210723,0.0025099999999999996,524.7378065289544
20210723_plate1,90,0.257,0,0,0.052235088273532515,-2.888907789698799e-4,20210723,0.0025,494.2420626723857
20210723_plate1,91,0.234,0.0020000000000000018,0.8547008547008554,0.052235088273532515,-2.888907789698799e-4,20210723,0.00246,590.1863504607272
20210723_plate1,92,0.21866666666666668,0.003055050463303896,1.3971267362670254,0.052235088273532515,-2.888907789698799e-4,20210723,0.00249,640.9748055294532
20210723_plate1,93,0.214,0.0010000000000000009,0.4672897196261686,0.052235088273532515,-2.888907789698799e-4,20210723,0.00249,658.5962810916087
20210723_plate1,94,0.12466666666666666,0.0011547005383792527,0.9262303783790797,0.052235088273532515,-2.888907789698799e-4,20210723,0.00249,995.9216704243008
20210723_plate1,95,0.12633333333333333,0.0011547005383792527,0.9140109802474295,0.052235088273532515,-2.888907789698799e-4,20210723,0.0024700000000000004,997.6414707993719
20210723_plate1,96,0.12366666666666666,0.0011547005383792527,0.9337201118969698,0.052235088273532515,-2.888907789698799e-4,20210723,0.0025099999999999996,991.7319821696195
20210723_plate1,97,0.1733333333333333,5.773502691896263e-4,0.333086693763246,0.052235088273532515,-2.888907789698799e-4,20210723,0.00248,815.4296718065984
20210723_plate1,98,0.14966666666666667,5.773502691896263e-4,0.3857574181667882,0.052235088273532515,-2.888907789698799e-4,20210723,0.00249,901.5209084841817
20210723_plate1,99,0.145,0.0010000000000000009,0.6896551724137938,0.052235088273532515,-2.888907789698799e-4,20210723,0.0025,915.465814510152
20210723_plate1,rgt_blank,0.42500000000000004,0.0010000000000000009,0.23529411764705901,0.052235088273532515,-2.888907789698799e-4,20210723,NA,NA
20210723_plate2,100,0.25866666666666666,5.773502691896263e-4,0.2232024236557834,0.0514149238999198,-2.2947824222181376e-4,20210723,0.00254,491.11308142506323
20210723_plate2,101,0.22633333333333333,0.0025166114784235852,1.111904924193042,0.0514149238999198,-2.2947824222181376e-4,20210723,0.00254,608.9220802823598
20210723_plate2,102,0.2483333333333333,5.773502691896263e-4,0.23249004128441333,0.0514149238999198,-2.2947824222181376e-4,20210723,0.0025299999999999997,530.8533538630483
20210723_plate2,103,0.253,0.003605551275464004,1.4251190812110686,0.0514149238999198,-2.2947824222181376e-4,20210723,0.00252,515.8216068244361
20210723_plate2,104,0.26033333333333336,0.0025166114784235852,0.9666881479219915,0.0514149238999198,-2.2947824222181376e-4,20210723,0.00248,496.7753022780986
20210723_plate2,270,0.232,0.0020000000000000018,0.8620689655172421,0.0514149238999198,-2.2947824222181376e-4,20210723,0.0025,597.6875446157102
20210723_plate2,271,0.179,0.0010000000000000009,0.5586592178770955,0.0514149238999198,-2.2947824222181376e-4,20210723,0.0025099999999999996,790.7239982249048
20210723_plate2,272,0.2396666666666667,0.001527525231651948,0.637354060494554,0.0514149238999198,-2.2947824222181376e-4,20210723,0.0025,569.3065066229545
20210723_plate2,273,0.23600000000000002,0,0,0.0514149238999198,-2.2947824222181376e-4,20210723,0.00252,578.2540144171958
20210723_plate2,274,0.21466666666666667,0.001527525231651948,0.7115800768564975,0.0514149238999198,-2.2947824222181376e-4,20210723,0.00246,672.6152130516365
20210723_plate2,275,0.17766666666666667,0.0020816659994661343,1.1716694180860043,0.0514149238999198,-2.2947824222181376e-4,20210723,0.00252,792.482864000195
20210723_plate2,276,0.22766666666666668,0.001527525231651948,0.670948125176551,0.0514149238999198,-2.2947824222181376e-4,20210723,0.00249,616.1937759763907
20210723_plate2,277,0.10733333333333332,5.773502691896263e-4,0.5379039775058632,0.0514149238999198,-2.2947824222181376e-4,20210723,0.00252,1050.781648354554
20210723_plate2,278,0.11399999999999999,0.0020000000000000018,1.7543859649122824,0.0514149238999198,-2.2947824222181376e-4,20210723,0.00249,1038.6633916359729
20210723_plate2,279,0.132,0.0010000000000000009,0.7575757575757582,0.0514149238999198,-2.2947824222181376e-4,20210723,0.0024700000000000004,979.630563456612
20210723_plate2,280,0.208,0.002645751311064593,1.2719958226272083,0.0514149238999198,-2.2947824222181376e-4,20210723,0.00249,689.2896918823011
20210723_plate2,281,0.21166666666666667,0.0011547005383792527,0.5455278134075209,0.0514149238999198,-2.2947824222181376e-4,20210723,0.00254,662.3612137846386
20210723_plate2,282,0.21033333333333332,0.0023094010767585054,1.097971985780589,0.0514149238999198,-2.2947824222181376e-4,20210723,0.0025099999999999996,675.1940497007822
20210723_plate2,283,0.21033333333333332,0.0032145502536643214,1.5283123234537188,0.0514149238999198,-2.2947824222181376e-4,20210723,0.0025,677.8948258995853
20210723_plate2,284,0.22066666666666668,0.0011547005383792527,0.5232781895978487,0.0514149238999198,-2.2947824222181376e-4,20210723,0.0025,639.6421225180449
20210723_plate2,285,0.22666666666666668,0.001527525231651948,0.6739081904346829,0.0514149238999198,-2.2947824222181376e-4,20210723,0.00254,607.7075545209442
20210723_plate2,286,0.09833333333333334,5.773502691896263e-4,0.5871358669725013,0.0514149238999198,-2.2947824222181376e-4,20210723,0.00249,1096.892341594918
20210723_plate2,287,0.11933333333333333,5.773502691896263e-4,0.4838130747399103,0.0514149238999198,-2.2947824222181376e-4,20210723,0.00252,1006.7117135831943
20210723_plate2,288,0.10566666666666664,5.773502691896263e-4,0.5463882673718863,0.0514149238999198,-2.2947824222181376e-4,20210723,0.00256,1040.388371493536
20210723_plate2,rgt_blank,0.4183333333333334,0.0020816659994661343,0.49760940226282085,0.0514149238999198,-2.2947824222181376e-4,20210723,NA,NA
20210723_plate2,soil_std,0.22166666666666668,0.0011547005383792527,0.520917536110941,0.0514149238999198,-2.2947824222181376e-4,20210723,0.0025499999999999997,623.4708313698536
20210728_plate1,289,0.2356666666666667,5.773502691896263e-4,0.2449859699531653,0.04976193269991951,-7.732848990466001e-5,20210728,0.00246,610.9829036797778
20210728_plate1,290,0.20666666666666667,0.0011547005383792527,0.558726066957703,0.04976193269991951,-7.732848990466001e-5,20210728,0.00254,694.0059967503278
20210728_plate1,291,0.24699999999999997,0,0,0.04976193269991951,-7.732848990466001e-5,20210728,0.0025099999999999996,558.3679682647083
20210728_plate1,292,0.178,0.0020000000000000018,1.1235955056179785,0.04976193269991951,-7.732848990466001e-5,20210728,0.00248,814.3333889021845
20210728_plate1,293,0.225,0.0017320508075688787,0.7698003589195016,0.04976193269991951,-7.732848990466001e-5,20210728,0.0025099999999999996,636.8768341976488
20210728_plate1,294,0.2063333333333333,5.773502691896263e-4,0.27981434694166063,0.04976193269991951,-7.732848990466001e-5,20210728,0.00254,695.1814754755228
20210728_plate1,295,0.214,0.0020000000000000018,0.9345794392523372,0.04976193269991951,-7.732848990466001e-5,20210728,0.00248,684.3102744282013
20210728_plate1,296,0.23900000000000002,0.0010000000000000009,0.4184100418410045,0.04976193269991951,-7.732848990466001e-5,20210728,0.0025099999999999996,586.9166467857775
20210728_plate1,297,0.24200000000000002,0.0017320508075688787,0.7157234742020159,0.04976193269991951,-7.732848990466001e-5,20210728,0.00249,580.8390922788534
20210728_plate1,298,0.22766666666666668,5.773502691896263e-4,0.25359455454888413,0.04976193269991951,-7.732848990466001e-5,20210728,0.0025499999999999997,617.5196573098576
20210728_plate1,299,0.24100000000000002,0.0017320508075688787,0.7186932811489123,0.04976193269991951,-7.732848990466001e-5,20210728,0.00252,577.4787649445756
20210728_plate1,300,0.217,0.0017320508075688787,0.7981800956538612,0.04976193269991951,-7.732848990466001e-5,20210728,0.0025,668.0872147695931
20210728_plate1,301,0.17266666666666666,5.773502691896263e-4,0.3343727427739149,0.04976193269991951,-7.732848990466001e-5,20210728,0.0025099999999999996,823.632772856311
20210728_plate1,302,0.14533333333333331,5.773502691896263e-4,0.3972593595341466,0.04976193269991951,-7.732848990466001e-5,20210728,0.0025,924.8587875011779
20210728_plate1,303,0.16466666666666668,0.001527525231651948,0.9276469018129236,0.04976193269991951,-7.732848990466001e-5,20210728,0.0025299999999999997,845.4448391135276
20210728_plate1,304,0.10466666666666664,5.773502691896263e-4,0.5516085374423183,0.04976193269991951,-7.732848990466001e-5,20210728,0.0025099999999999996,1066.2965402854009
20210728_plate1,305,0.06966666666666667,5.773502691896263e-4,0.8287324438128607,0.04976193269991951,-7.732848990466001e-5,20210728,0.0025099999999999996,1191.197008815079
20210728_plate1,306,0.089,0,0,0.04976193269991951,-7.732848990466001e-5,20210728,0.0025,1126.6931865320514
20210728_plate1,307,0.215,0.0017320508075688787,0.8056050267762226,0.04976193269991951,-7.732848990466001e-5,20210728,0.0025499999999999997,662.0126794886094
20210728_plate1,308,0.20966666666666667,5.773502691896263e-4,0.27536578816675344,0.04976193269991951,-7.732848990466001e-5,20210728,0.00249,697.1501156979424
20210728_plate1,309,0.23433333333333334,5.773502691896263e-4,0.24637991572814777,0.04976193269991951,-7.732848990466001e-5,20210728,0.00249,608.4179947390497
20210728_plate1,310,0.17566666666666667,0.001527525231651948,0.8695589553995908,0.04976193269991951,-7.732848990466001e-5,20210728,0.00249,819.456552695335
20210728_plate1,311,0.16166666666666668,0.001527525231651948,0.9448609680321327,0.04976193269991951,-7.732848990466001e-5,20210728,0.0025299999999999997,856.0659630890045
20210728_plate1,312,0.24033333333333334,5.773502691896263e-4,0.24022896082786116,0.04976193269991951,-7.732848990466001e-5,20210728,0.0024500000000000004,596.4154773813553
20210728_plate1,313,0.2386666666666667,0.0011547005383792527,0.4838130747399103,0.04976193269991951,-7.732848990466001e-5,20210728,0.0025299999999999997,583.4571143850975
20210728_plate1,314,0.277,0.0030000000000000027,1.08303249097473,0.04976193269991951,-7.732848990466001e-5,20210728,0.0025299999999999997,447.74275247622603
20210728_plate1,rgt_blank,0.4226666666666667,0.0025166114784235852,0.5954128103525832,0.04976193269991951,-7.732848990466001e-5,20210728,NA,NA
20210728_plate2,315,0.24333333333333335,0.0011547005383792527,0.47453446782709013,0.0505361051259996,-2.645778864087331e-4,20210728,0.00252,569.1042123153926
20210728_plate2,316,0.22,0.0017320508075688787,0.7872958216222177,0.0505361051259996,-2.645778864087331e-4,20210728,0.0025,658.5577026255952
20210728_plate2,317,0.254,NA,NA,0.0505361051259996,-2.645778864087331e-4,20210728,0.00248,539.158585964867
20210728_plate2,318,0.15175,0.06883978985054114,45.36394718322316,0.0505361051259996,-2.645778864087331e-4,20210728,0.00252,899.6945666813068
20210728_plate2,319,0.187,0.04535048695071164,24.251597299845795,0.0505361051259996,-2.645778864087331e-4,20210728,0.00252,772.4518734176293
20210728_plate2,320,0.10200000000000001,0.0010000000000000009,0.980392156862746,0.0505361051259996,-2.645778864087331e-4,20210728,0.0025,1087.9124517760877
20210728_plate2,321,0.18966666666666668,0.0011547005383792527,0.6088052047693774,0.0505361051259996,-2.645778864087331e-4,20210728,0.0024700000000000004,778.2677694542289
20210728_plate2,322,0.20766666666666667,0.001527525231651948,0.7355659221437951,0.0505361051259996,-2.645778864087331e-4,20210728,0.00246,714.8717113592306
20210728_plate2,323,0.18166666666666667,5.773502691896263e-4,0.31780748762731725,0.0505361051259996,-2.645778864087331e-4,20210728,0.00254,785.4698354068445
20210728_plate2,324,0.2426666666666667,0.001527525231651948,0.6294746833730553,0.0505361051259996,-2.645778864087331e-4,20210728,0.00254,567.0106093109879
20210728_plate2,325,0.2786666666666667,0.0037859388972001857,1.358590513349349,0.0505361051259996,-2.645778864087331e-4,20210728,0.0024700000000000004,450.4991847908632
20210728_plate2,326,0.26,0.0010000000000000009,0.3846153846153849,0.0505361051259996,-2.645778864087331e-4,20210728,0.00248,517.1509272809641
20210728_plate2,327,0.2916666666666667,0.001527525231651948,0.523722936566382,0.0505361051259996,-2.645778864087331e-4,20210728,0.00248,400.9993953381423
20210728_plate2,328,0.27133333333333337,0.0020816659994661343,0.767198771302015,0.0505361051259996,-2.645778864087331e-4,20210728,0.00252,468.03200206339346
20210728_plate2,329,0.26666666666666666,0.001527525231651948,0.5728219618694805,0.0505361051259996,-2.645778864087331e-4,20210728,0.00249,490.71926646810897
20210728_plate2,330,0.2803333333333334,0.0032145502536643214,1.14668855659845,0.0505361051259996,-2.645778864087331e-4,20210728,0.00254,432.11502161245346
20210728_plate2,331,0.2773333333333334,0.001527525231651948,0.5507903479514235,0.0505361051259996,-2.645778864087331e-4,20210728,0.00248,453.5732466385773
20210728_plate2,332,0.25833333333333336,0.0023094010767585054,0.8939617071323246,0.0505361051259996,-2.645778864087331e-4,20210728,0.0024700000000000004,525.3826442083362
20210728_plate2,333,0.16233333333333333,5.773502691896263e-4,0.3556572500141435,0.0505361051259996,-2.645778864087331e-4,20210728,0.00252,861.4916776872476
20210728_plate2,334,0.1703333333333333,5.773502691896263e-4,0.33895319130506446,0.0505361051259996,-2.645778864087331e-4,20210728,0.00248,846.0431598348487
20210728_plate2,335,0.1403333333333333,0.0011547005383792527,0.8228269869685887,0.0505361051259996,-2.645778864087331e-4,20210728,0.00246,963.8544731995213
20210728_plate2,336,0.22833333333333333,0.0023094010767585054,1.0114165299672286,0.0505361051259996,-2.645778864087331e-4,20210728,0.0025099999999999996,625.7331071215094
20210728_plate2,337,0.22466666666666668,5.773502691896263e-4,0.2569808319835132,0.0505361051259996,-2.645778864087331e-4,20210728,0.0025099999999999996,639.0214853618121
20210728_plate2,338,0.19533333333333333,5.773502691896263e-4,0.29557181016533773,0.0505361051259996,-2.645778864087331e-4,20210728,0.00248,754.3445819852526
20210728_plate2,rgt_blank,0.43033333333333335,0.005033222956847145,1.169610292063628,0.0505361051259996,-2.645778864087331e-4,20210728,NA,NA
20210728_plate2,soil_std,0.22833333333333333,0.0020816659994661343,0.9116785399121757,0.0505361051259996,-2.645778864087331e-4,20210728,0.00252,623.2500392361067
